glass_num,glass_height,radius_0,radius_1,angle,amount
g1,300,100,100,0,100
g2,300,200,200,0,200
g3,300,100,180.3847577,0.261799388,150
g4,300,200,280.3847577,0.261799388,300
g5,300,100,273.2050808,0.523598776,50
g6,300,200,373.2050808,0.523598776,250
g7,500,100,100,0,100
g8,500,200,200,0,200
g9,500,100,233.9745962,0.261799388,150
g10,500,200,333.9745962,0.261799388,300
g11,500,100,388.6751346,0.523598776,50
g12,500,200,488.6751346,0.523598776,250
